{
  "critical_setting": {
    "alpha": 0.15,
    "beta": 0.5,
    "topology": "watts",
    "mean_avalanche": 3.283854166666667,
    "std_avalanche": 0.04947916666666674,
    "mean_n_avalanches": 66.5,
    "mean_max_avalanche": 120.0
  },
  "soc_fit": {
    "slope": -1.0436534182755701,
    "r2": 0.9038276803509906,
    "n": 725
  },
  "topology_stats": {
    "barabasi": {
      "mean_avalanche": [
        2.8,
        3.25,
        3.043010752688172,
        2.979591836734694,
        3.0606060606060606
      ],
      "n_avalanches": [
        95,
        84,
        93,
        98,
        99
      ],
      "max_avalanche": [
        120.0,
        120.0,
        120.0,
        120.0,
        120.0
      ],
      "final_failed": [
        1.0,
        1.0,
        1.0,
        1.0,
        1.0
      ]
    },
    "watts": {
      "mean_avalanche": [
        2.8541666666666665,
        3.134831460674157,
        3.0434782608695654,
        2.9494949494949494,
        3.04
      ],
      "n_avalanches": [
        96,
        89,
        92,
        99,
        100
      ],
      "max_avalanche": [
        120.0,
        120.0,
        120.0,
        120.0,
        120.0
      ],
      "final_failed": [
        1.0,
        1.0,
        1.0,
        1.0,
        1.0
      ]
    }
  },
  "finite_size_barabasi": {
    "ns": [
      80,
      120,
      180
    ],
    "means": [
      2.4795081967213113,
      2.7744807121661723,
      3.318396226415094
    ]
  },
  "finite_size_watts": {
    "ns": [
      80,
      120,
      180
    ],
    "means": [
      2.33206106870229,
      2.727810650887574,
      3.33806146572104
    ]
  }
}